file,commons_page,file_url,author,license
2000-event.webp,https://commons.wikimedia.org/wiki/File:Bug_de_l%27an_2000.jpg,https://upload.wikimedia.org/wikipedia/commons/f/fb/Bug_de_l%27an_2000.jpg,Bug de l'an 2000,CC-BY-SA-3.0
2000-gadget.webp,https://commons.wikimedia.org/wiki/File:Sony-PlayStation-2-30001-Console-FL.jpg,https://upload.wikimedia.org/wikipedia/commons/thumb/7/7b/Sony-PlayStation-2-30001-Console-FL.jpg/960px-Sony-PlayStation-2-30001-Console-FL.jpg,Evan-Amos,PD
2000-car.webp,https://commons.wikimedia.org/wiki/File:BMW_Z8_gr25.jpg,https://upload.wikimedia.org/wikipedia/commons/thumb/9/9b/BMW_Z8_gr25.jpg/960px-BMW_Z8_gr25.jpg,Calreyn88,CC-BY-SA-4.0
2001-event.webp,https://commons.wikimedia.org/wiki/File:UA_Flight_175_hits_WTC_south_tower_9-11_edit.jpeg,https://upload.wikimedia.org/wikipedia/commons/thumb/8/8a/UA_Flight_175_hits_WTC_south_tower_9-11_edit.jpeg/960px-UA_Flight_175_hits_WTC_south_tower_9-11_edit.jpeg,UA_Flight_175_hits_WTC_south_tower_9-11.jpeg: Flickr user TheMachineStops (Robert J. Fisch) derivative work: upstateNYer,CC-BY-SA-2.0
2001-gadget.webp,https://commons.wikimedia.org/wiki/File:Apple_historic_iPod.JPG,https://upload.wikimedia.org/wikipedia/commons/thumb/0/05/Apple_historic_iPod.JPG/960px-Apple_historic_iPod.JPG,Tokumeigakarinoaoshima,CC0
2001-car.webp,https://commons.wikimedia.org/wiki/File:Lamborghini_Murci%C3%A9lago_LP640_Roadster_Auto_Zuerich_2023_1X7A1436.jpg,https://upload.wikimedia.org/wikipedia/commons/thumb/c/c5/Lamborghini_Murci%C3%A9lago_LP640_Roadster_Auto_Zuerich_2023_1X7A1436.jpg/960px-Lamborghini_Murci%C3%A9lago_LP640_Roadster_Auto_Zuerich_2023_1X7A1436.jpg,Alexander-93,CC-BY-SA-4.0
2002-event.webp,https://commons.wikimedia.org/wiki/File:Euro_coins_and_banknotes.jpg,https://upload.wikimedia.org/wikipedia/commons/thumb/6/65/Euro_coins_and_banknotes.jpg/960px-Euro_coins_and_banknotes.jpg,Avij (talk · contribs),PD
2002-gadget.webp,https://commons.wikimedia.org/wiki/File:Roomba_original.jpg,https://upload.wikimedia.org/wikipedia/commons/f/f5/Roomba_original.jpg,Larry D. Moore,CC-BY-4.0
2002-car.webp,https://commons.wikimedia.org/wiki/File:Orange_Enzo_Ferrari_%287191948164%29.jpg,https://upload.wikimedia.org/wikipedia/commons/thumb/c/ce/Orange_Enzo_Ferrari_%287191948164%29.jpg/960px-Orange_Enzo_Ferrari_%287191948164%29.jpg,Axion23,CC-BY-2.0
2003-event.webp,https://commons.wikimedia.org/wiki/File:SaddamStatue.jpg,https://upload.wikimedia.org/wikipedia/commons/thumb/c/c1/SaddamStatue.jpg/960px-SaddamStatue.jpg,Unknown U.S. military or Department of Defense employee,PD
2003-gadget.webp,https://commons.wikimedia.org/wiki/File:Nokia_1100.JPG,https://upload.wikimedia.org/wikipedia/commons/thumb/4/4f/Nokia_1100.JPG/960px-Nokia_1100.JPG,Georgy90,CC-BY-SA-3.0
2003-car.webp,https://commons.wikimedia.org/wiki/File:Porsche_Carrera_GT%2C_Techno-Classica_2025%2C_Essen_%28P1046086%29.jpg,https://upload.wikimedia.org/wikipedia/commons/thumb/5/57/Porsche_Carrera_GT%2C_Techno-Classica_2025%2C_Essen_%28P1046086%29.jpg/960px-Porsche_Carrera_GT%2C_Techno-Classica_2025%2C_Essen_%28P1046086%29.jpg,Matti Blume,CC-BY-SA-4.0
2004-event.webp,https://commons.wikimedia.org/wiki/File:2004-tsunami.jpg,https://upload.wikimedia.org/wikipedia/commons/thumb/2/2d/2004-tsunami.jpg/960px-2004-tsunami.jpg,"David Rydevik (email: david.rydevikgmail.com), Stockholm, Sweden.",PD
2004-gadget.webp,https://commons.wikimedia.org/wiki/File:Motorola_RAZR_V3-4901.jpg,https://upload.wikimedia.org/wikipedia/commons/thumb/5/56/Motorola_RAZR_V3-4901.jpg/960px-Motorola_RAZR_V3-4901.jpg,Raimond Spekking,CC-BY-SA-4.0
2004-car.webp,https://commons.wikimedia.org/wiki/File:2005_Ford_GT_5.jpg,https://upload.wikimedia.org/wikipedia/commons/thumb/a/a0/2005_Ford_GT_5.jpg/960px-2005_Ford_GT_5.jpg,Calreyn88,CC-BY-SA-4.0
2005-event.webp,https://commons.wikimedia.org/wiki/File:Katrina-noaaGOES12.jpg,https://upload.wikimedia.org/wikipedia/commons/thumb/6/6f/Katrina-noaaGOES12.jpg/960px-Katrina-noaaGOES12.jpg,NOAA,PD
2005-gadget.webp,https://commons.wikimedia.org/wiki/File:Xbox-360-Pro-wController.jpg,https://upload.wikimedia.org/wikipedia/commons/thumb/4/40/Xbox-360-Pro-wController.jpg/960px-Xbox-360-Pro-wController.jpg,Evan-Amos,PD
2005-car.webp,https://commons.wikimedia.org/wiki/File:2009_Bugatti_Veyron_16.4.jpg,https://upload.wikimedia.org/wikipedia/commons/thumb/4/42/2009_Bugatti_Veyron_16.4.jpg/960px-2009_Bugatti_Veyron_16.4.jpg,Calreyn88,CC-BY-SA-4.0
2006-event.webp,https://commons.wikimedia.org/wiki/File:Pluto-01_Stern_03_Pluto_Color_TXT.jpg,https://upload.wikimedia.org/wikipedia/commons/thumb/a/a7/Pluto-01_Stern_03_Pluto_Color_TXT.jpg/960px-Pluto-01_Stern_03_Pluto_Color_TXT.jpg,NASA / Johns Hopkins University Applied Physics Laboratory / Southwest Research Institute,PD
2006-gadget.webp,https://commons.wikimedia.org/wiki/File:Wii-console.jpg,https://upload.wikimedia.org/wikipedia/commons/thumb/1/14/Wii-console.jpg/960px-Wii-console.jpg,Evan-Amos,PD
2006-car.webp,https://commons.wikimedia.org/wiki/File:2007_Audi_R8_%28Typ_42%29_%283727016184%29.jpg,https://upload.wikimedia.org/wikipedia/commons/thumb/1/13/2007_Audi_R8_%28Typ_42%29_%283727016184%29.jpg/960px-2007_Audi_R8_%28Typ_42%29_%283727016184%29.jpg,Spanish Coches,CC-BY-2.0
2007-event.webp,https://commons.wikimedia.org/wiki/File:Northern_Rock_Queue.jpg,https://upload.wikimedia.org/wikipedia/commons/thumb/b/b4/Northern_Rock_Queue.jpg/960px-Northern_Rock_Queue.jpg,"Dominic Alves from Brighton, England",CC-BY-2.0
2007-gadget.webp,https://commons.wikimedia.org/wiki/File:IPhone_First_Generation_8GB_%283677961514%29.jpg,https://upload.wikimedia.org/wikipedia/commons/9/9e/IPhone_First_Generation_8GB_%283677961514%29.jpg,Carl Berkeley from Riverside California,CC-BY-SA-2.0
2007-car.webp,https://commons.wikimedia.org/wiki/File:07_Ford_Mustang_Shelby_GT500.jpg,https://upload.wikimedia.org/wikipedia/commons/thumb/0/0b/07_Ford_Mustang_Shelby_GT500.jpg/960px-07_Ford_Mustang_Shelby_GT500.jpg,HJUdall,CC0
2008-event.webp,https://commons.wikimedia.org/wiki/File:Lehman_Brothers_Times_Square_by_David_Shankbone.jpg,https://upload.wikimedia.org/wikipedia/commons/thumb/5/53/Lehman_Brothers_Times_Square_by_David_Shankbone.jpg/960px-Lehman_Brothers_Times_Square_by_David_Shankbone.jpg,David Shankbone,CC-BY-SA-3.0
2008-gadget.webp,https://commons.wikimedia.org/wiki/File:Steve_Jobs_with_MacBook_Air_%28cropped%29.jpg,https://upload.wikimedia.org/wikipedia/commons/1/11/Steve_Jobs_with_MacBook_Air_%28cropped%29.jpg,Matthew Yohe,CC-BY-3.0
2008-car.webp,https://commons.wikimedia.org/wiki/File:NISSAN_GT-R_%28R35%29_China.jpg,https://upload.wikimedia.org/wikipedia/commons/thumb/9/99/NISSAN_GT-R_%28R35%29_China.jpg/960px-NISSAN_GT-R_%28R35%29_China.jpg,Dinkun Chen,CC-BY-SA-4.0
2009-event.webp,https://commons.wikimedia.org/wiki/File:Plane_crash_into_Hudson_River_%28crop%29.jpg,https://upload.wikimedia.org/wikipedia/commons/8/8f/US_Airways_Flight_1549_%28N106US%29_after_crashing_into_the_Hudson_River_%28crop_2%29.jpg,Greg L,CC-BY-2.0
2009-gadget.webp,https://commons.wikimedia.org/wiki/File:Amazon-kindle-gen2.jpg,https://upload.wikimedia.org/wikipedia/commons/thumb/7/7b/Amazon-kindle-gen2.jpg/960px-Amazon-kindle-gen2.jpg,Evan-Amos,PD
2009-car.webp,https://commons.wikimedia.org/wiki/File:Mercedes-Benz_SLS_AMG_Roadster%2C_IAA_2011%2C_Frankfurt_am_Main_%28DSC03249%29.jpg,https://upload.wikimedia.org/wikipedia/commons/thumb/b/be/Mercedes-Benz_SLS_AMG_Roadster%2C_IAA_2011%2C_Frankfurt_am_Main_%28DSC03249%29.jpg/960px-Mercedes-Benz_SLS_AMG_Roadster%2C_IAA_2011%2C_Frankfurt_am_Main_%28DSC03249%29.jpg,Matti Blume,CC-BY-SA-4.0
2010-event.webp,https://commons.wikimedia.org/wiki/File:Deepwater_Horizon_offshore_drilling_unit_on_fire_2010.jpg,https://upload.wikimedia.org/wikipedia/commons/thumb/9/9d/Deepwater_Horizon_offshore_drilling_unit_on_fire_2010.jpg/960px-Deepwater_Horizon_offshore_drilling_unit_on_fire_2010.jpg,Unknown authorUnknown author,PD
2010-gadget.webp,https://commons.wikimedia.org/wiki/File:IPad-WiFi-1stGen.jpg,https://upload.wikimedia.org/wikipedia/commons/thumb/7/7e/IPad-WiFi-1stGen.jpg/960px-IPad-WiFi-1stGen.jpg,Evan-Amos,PD
2010-car.webp,https://commons.wikimedia.org/wiki/File:2012_Lexus_LFA_Spider.jpg,https://upload.wikimedia.org/wikipedia/commons/thumb/0/0e/2012_Lexus_LFA_Spider.jpg/960px-2012_Lexus_LFA_Spider.jpg,TTTNIS,CC0
2011-event.webp,https://commons.wikimedia.org/wiki/File:SH-60B_helicopter_flies_over_Sendai.jpg,https://upload.wikimedia.org/wikipedia/commons/thumb/2/2a/SH-60B_helicopter_flies_over_Sendai.jpg/960px-SH-60B_helicopter_flies_over_Sendai.jpg,U.S. Navy photo,PD
2011-gadget.webp,https://commons.wikimedia.org/wiki/File:Black_iPhone_4s.jpg,https://upload.wikimedia.org/wikipedia/commons/thumb/b/b5/Black_iPhone_4s.jpg/960px-Black_iPhone_4s.jpg,iGeeks Media Pvt. Ltd.,CC-BY-SA-4.0
2011-car.webp,https://commons.wikimedia.org/wiki/File:Lamborghini_Aventador%2C_Motortreff_Bella_Italia_2024%2C_Munich_%28P1190389-RR%29.jpg,https://upload.wikimedia.org/wikipedia/commons/thumb/0/0f/Lamborghini_Aventador%2C_Motortreff_Bella_Italia_2024%2C_Munich_%28P1190389-RR%29.jpg/960px-Lamborghini_Aventador%2C_Motortreff_Bella_Italia_2024%2C_Munich_%28P1190389-RR%29.jpg,Matti Blume,CC-BY-SA-4.0
2012-event.webp,https://commons.wikimedia.org/wiki/File:PIA16239_High-Resolution_Self-Portrait_by_Curiosity_Rover_Arm_Camera.jpg,https://upload.wikimedia.org/wikipedia/commons/thumb/d/dc/PIA16239_High-Resolution_Self-Portrait_by_Curiosity_Rover_Arm_Camera.jpg/960px-PIA16239_High-Resolution_Self-Portrait_by_Curiosity_Rover_Arm_Camera.jpg,"NASA/JPL-Caltech/Malin Space Science Systems Derivative work including grading, distortion correction, minor local adjustments and rendering from tiff-file: Julian Herzog",PD
2012-gadget.webp,https://commons.wikimedia.org/wiki/File:RaspberryPi.jpg,https://upload.wikimedia.org/wikipedia/commons/thumb/3/3d/RaspberryPi.jpg/960px-RaspberryPi.jpg,Jwrodgers,CC-BY-SA-3.0
2012-car.webp,https://commons.wikimedia.org/wiki/File:20180630_Tesla_Model_S_70D_2015_midnight_blue_left_front.jpg,https://upload.wikimedia.org/wikipedia/commons/thumb/9/9f/20180630_Tesla_Model_S_70D_2015_midnight_blue_left_front.jpg/960px-20180630_Tesla_Model_S_70D_2015_midnight_blue_left_front.jpg,Granada,CC-BY-SA-4.0
2013-event.webp,https://commons.wikimedia.org/wiki/File:Pope_Francis_in_March_2013.jpg,https://upload.wikimedia.org/wikipedia/commons/thumb/d/d5/Pope_Francis_in_March_2013.jpg/960px-Pope_Francis_in_March_2013.jpg,Casa Rosada,CC-BY-SA-2.0
2013-gadget.webp,https://commons.wikimedia.org/wiki/File:Google_Glass_Explorer_Edition.jpeg,https://upload.wikimedia.org/wikipedia/commons/thumb/2/25/Google_Glass_Explorer_Edition.jpeg/960px-Google_Glass_Explorer_Edition.jpeg,Ted Eytan,CC-BY-SA-2.0
2013-car.webp,https://commons.wikimedia.org/wiki/File:Ferrari_LaFerrari_GIMS_2024_1X7A2272.jpg,https://upload.wikimedia.org/wikipedia/commons/thumb/3/3e/Ferrari_LaFerrari_GIMS_2024_1X7A2272.jpg/960px-Ferrari_LaFerrari_GIMS_2024_1X7A2272.jpg,Alexander-93,CC-BY-SA-4.0
2014-event.webp,https://commons.wikimedia.org/wiki/File:Malaysia_Airlines_B777-200ER%289M-MRO%29_%283780278171%29.jpg,https://upload.wikimedia.org/wikipedia/commons/thumb/3/35/Malaysia_Airlines_B777-200ER%289M-MRO%29_%283780278171%29.jpg/960px-Malaysia_Airlines_B777-200ER%289M-MRO%29_%283780278171%29.jpg,"Kentaro Iemoto from Tokyo, Japan",CC-BY-SA-2.0
2014-gadget.webp,https://commons.wikimedia.org/wiki/File:Amazon_Echo.jpg,https://upload.wikimedia.org/wikipedia/commons/thumb/5/5c/Amazon_Echo.jpg/960px-Amazon_Echo.jpg,Frmorrison at English Wikipedia,CC-BY-SA-3.0
2014-car.webp,https://commons.wikimedia.org/wiki/File:Berlin%2C_Flughafen_Tempelhof%2C_BMW_i8_--_2019_--_4349.jpg,https://upload.wikimedia.org/wikipedia/commons/thumb/9/99/Berlin%2C_Flughafen_Tempelhof%2C_BMW_i8_--_2019_--_4349.jpg/960px-Berlin%2C_Flughafen_Tempelhof%2C_BMW_i8_--_2019_--_4349.jpg,Dietmar Rabich,CC-BY-SA-4.0
2015-event.webp,https://commons.wikimedia.org/wiki/File:Secretary_Kerry_Takes_His_Seat_for_the_Plenary_Session_of_COP21_in_Paris_%2823676147936%29.jpg,https://upload.wikimedia.org/wikipedia/commons/thumb/e/e6/Secretary_Kerry_Takes_His_Seat_for_the_Plenary_Session_of_COP21_in_Paris_%2823676147936%29.jpg/960px-Secretary_Kerry_Takes_His_Seat_for_the_Plenary_Session_of_COP21_in_Paris_%2823676147936%29.jpg,U.S. Department of State from United States,PD
2015-gadget.webp,https://commons.wikimedia.org/wiki/File:Apple_Watch_Sport.jpg,https://upload.wikimedia.org/wikipedia/commons/thumb/b/b2/Apple_Watch_Sport.jpg/960px-Apple_Watch_Sport.jpg,thomersch,CC-BY-4.0
2015-car.webp,https://commons.wikimedia.org/wiki/File:Ferrari_488_GTB_1X7A7211.jpg,https://upload.wikimedia.org/wikipedia/commons/thumb/2/21/Ferrari_488_GTB_1X7A7211.jpg/960px-Ferrari_488_GTB_1X7A7211.jpg,Alexander-93,CC-BY-SA-4.0
2016-event.webp,https://commons.wikimedia.org/wiki/File:Eu_flag_referendum_brexit.jpg,https://upload.wikimedia.org/wikipedia/commons/thumb/2/28/Eu_flag_referendum_brexit.jpg/960px-Eu_flag_referendum_brexit.jpg,TheDigitalArtist,CC0
2016-gadget.webp,https://commons.wikimedia.org/wiki/File:Oculus-Rift-CV1-Headset-Front.jpg,https://upload.wikimedia.org/wikipedia/commons/thumb/0/09/Oculus-Rift-CV1-Headset-Front.jpg/960px-Oculus-Rift-CV1-Headset-Front.jpg,Evan-Amos,PD
2016-car.webp,https://commons.wikimedia.org/wiki/File:Bugatti_Chiron%2C_GIMS_2018%2C_Le_Grand-Saconnex_%281X7A1765%29.jpg,https://upload.wikimedia.org/wikipedia/commons/thumb/6/6f/Bugatti_Chiron%2C_GIMS_2018%2C_Le_Grand-Saconnex_%281X7A1765%29.jpg/960px-Bugatti_Chiron%2C_GIMS_2018%2C_Le_Grand-Saconnex_%281X7A1765%29.jpg,Matti Blume,CC-BY-SA-4.0
2017-event.webp,https://commons.wikimedia.org/wiki/File:2017_Total_Solar_Eclipse_%2835909952653%29.jpg,https://upload.wikimedia.org/wikipedia/commons/thumb/e/ee/2017_Total_Solar_Eclipse_%2835909952653%29.jpg/960px-2017_Total_Solar_Eclipse_%2835909952653%29.jpg,Aubrey Gemignani,CC-BY-2.0
2017-gadget.webp,https://commons.wikimedia.org/wiki/File:Nintendo-Switch-Console-Docked-wJoyConRB.jpg,https://upload.wikimedia.org/wikipedia/commons/thumb/7/76/Nintendo-Switch-Console-Docked-wJoyConRB.jpg/960px-Nintendo-Switch-Console-Docked-wJoyConRB.jpg,Evan-Amos,PD
2017-car.webp,https://commons.wikimedia.org/wiki/File:2018_Dodge_Challenger_SRT_Demon_1.jpg,https://upload.wikimedia.org/wikipedia/commons/thumb/6/61/2018_Dodge_Challenger_SRT_Demon_1.jpg/960px-2018_Dodge_Challenger_SRT_Demon_1.jpg,Calreyn88,CC-BY-SA-4.0
2018-event.webp,https://commons.wikimedia.org/wiki/File:4547292_Cave_rescue_divers_prepare_dive_equipment_at_Tham_Luang_cave.jpg,https://upload.wikimedia.org/wikipedia/commons/thumb/c/c2/4547292_Cave_rescue_divers_prepare_dive_equipment_at_Tham_Luang_cave.jpg/960px-4547292_Cave_rescue_divers_prepare_dive_equipment_at_Tham_Luang_cave.jpg,U.S. Air Force Capt. Jessica Tait 353rd Special Operations Group Public Affairs,PD
2018-gadget.webp,https://commons.wikimedia.org/wiki/File:AirPods_%28cropped%29.jpg,https://upload.wikimedia.org/wikipedia/commons/thumb/8/83/AirPods_%28cropped%29.jpg/960px-AirPods_%28cropped%29.jpg,"Maurizio Pesce from Milan, Italia",CC-BY-2.0
2018-car.webp,https://commons.wikimedia.org/wiki/File:McLaren_Senna%2C_GIMS_2018%2C_Le_Grand-Saconnex_%281X7A0404%29.jpg,https://upload.wikimedia.org/wikipedia/commons/thumb/1/1f/McLaren_Senna%2C_GIMS_2018%2C_Le_Grand-Saconnex_%281X7A0404%29.jpg/960px-McLaren_Senna%2C_GIMS_2018%2C_Le_Grand-Saconnex_%281X7A0404%29.jpg,Matti Blume,CC-BY-SA-4.0
2019-event.webp,https://commons.wikimedia.org/wiki/File:Notre-Dame_en_feu%2C_20h06.jpg,https://upload.wikimedia.org/wikipedia/commons/thumb/5/59/Notre-Dame_en_feu%2C_20h06.jpg/960px-Notre-Dame_en_feu%2C_20h06.jpg,GodefroyParis,CC-BY-SA-4.0
2019-gadget.webp,https://commons.wikimedia.org/wiki/File:Galaxy_Fold_-_1.jpg,https://upload.wikimedia.org/wikipedia/commons/thumb/9/9a/Galaxy_Fold_-_1.jpg/960px-Galaxy_Fold_-_1.jpg,KKPCW,CC-BY-SA-4.0
2019-car.webp,https://commons.wikimedia.org/wiki/File:Porsche_Taycan_IAA_2019_JM_0787.jpg,https://upload.wikimedia.org/wikipedia/commons/thumb/1/18/Porsche_Taycan_IAA_2019_JM_0787.jpg/960px-Porsche_Taycan_IAA_2019_JM_0787.jpg,Johannes Maximilian,CC-BY-SA-4.0
2020-event.webp,https://commons.wikimedia.org/wiki/File:Times_Square_Pandemic_Lockdown_Dec._31%2C_2020.jpg,https://upload.wikimedia.org/wikipedia/commons/thumb/9/9f/Times_Square_Pandemic_Lockdown_Dec._31%2C_2020.jpg/960px-Times_Square_Pandemic_Lockdown_Dec._31%2C_2020.jpg,NatalieWynnePace,CC-BY-4.0
2020-gadget.webp,https://commons.wikimedia.org/wiki/File:PlayStation_5_and_DualSense.jpg,https://upload.wikimedia.org/wikipedia/commons/thumb/0/00/PlayStation_5_and_DualSense.jpg/960px-PlayStation_5_and_DualSense.jpg,Osh33m,CC-BY-SA-4.0
2020-car.webp,https://commons.wikimedia.org/wiki/File:2022_Chevrolet_Corvette_C8_Stingray_LC24.jpg,https://upload.wikimedia.org/wikipedia/commons/thumb/7/76/2022_Chevrolet_Corvette_C8_Stingray_LC24.jpg/960px-2022_Chevrolet_Corvette_C8_Stingray_LC24.jpg,MrWalkr,CC-BY-SA-4.0
2021-event.webp,https://commons.wikimedia.org/wiki/File:Container_Ship_%27Ever_Given%27_stuck_in_the_Suez_Canal%2C_Egypt_-_March_24th%2C_2021_cropped.jpg,https://upload.wikimedia.org/wikipedia/commons/thumb/1/15/Container_Ship_%27Ever_Given%27_stuck_in_the_Suez_Canal%2C_Egypt_-_March_24th%2C_2021_cropped.jpg/960px-Container_Ship_%27Ever_Given%27_stuck_in_the_Suez_Canal%2C_Egypt_-_March_24th%2C_2021_cropped.jpg,"Contains modified Copernicus Sentinel data [2021], processed by Pierre Markuse",CC-BY-2.0
2021-gadget.webp,https://commons.wikimedia.org/wiki/File:Apple_AirTag_%2851334123725%29.jpg,https://upload.wikimedia.org/wikipedia/commons/thumb/e/eb/Apple_AirTag_%2851334123725%29.jpg/960px-Apple_AirTag_%2851334123725%29.jpg,ajay_suresh,CC-BY-2.0
2021-car.webp,https://commons.wikimedia.org/wiki/File:Rivian_R1T_on_Sunset_Blvd.jpg,https://upload.wikimedia.org/wikipedia/commons/thumb/c/c7/Rivian_R1T_on_Sunset_Blvd.jpg/960px-Rivian_R1T_on_Sunset_Blvd.jpg,Chris Yarzab,CC-BY-2.0
2022-event.webp,https://commons.wikimedia.org/wiki/File:Bucha_main_street%2C_2022-04-06_%280700%29.jpg,https://upload.wikimedia.org/wikipedia/commons/thumb/d/df/Bucha_main_street%2C_2022-04-06_%280700%29.jpg/960px-Bucha_main_street%2C_2022-04-06_%280700%29.jpg,Ukrinform TV / Ukrainian Armed Forces,CC-BY-3.0
2022-gadget.webp,https://commons.wikimedia.org/wiki/File:Steam_Deck_%28front%29.png,https://upload.wikimedia.org/wikipedia/commons/thumb/5/5d/Steam_Deck_%28front%29.png/960px-Steam_Deck_%28front%29.png,"Liam Dawe/GamingOnLinux, PNG version by VulcanSphere",CC-BY-SA-4.0
2022-car.webp,https://commons.wikimedia.org/wiki/File:Ford_F-150_Lightning_IAA_2023_1X7A0596.jpg,https://upload.wikimedia.org/wikipedia/commons/thumb/6/65/Ford_F-150_Lightning_IAA_2023_1X7A0596.jpg/960px-Ford_F-150_Lightning_IAA_2023_1X7A0596.jpg,Alexander-93,CC-BY-SA-4.0
2023-event.webp,https://commons.wikimedia.org/wiki/File:Hatay%27da_depremin_y%C4%B1k%C4%B1c%C4%B1l%C4%B1%C4%9F%C4%B1%2C_2023.jpg,https://upload.wikimedia.org/wikipedia/commons/thumb/2/29/Hatay%27da_depremin_y%C4%B1k%C4%B1c%C4%B1l%C4%B1%C4%9F%C4%B1%2C_2023.jpg/960px-Hatay%27da_depremin_y%C4%B1k%C4%B1c%C4%B1l%C4%B1%C4%9F%C4%B1%2C_2023.jpg,Fatih Renkligil,CC-BY-SA-4.0
2023-gadget.webp,https://commons.wikimedia.org/wiki/File:Meta_Quest_3_front_View.jpg,https://upload.wikimedia.org/wikipedia/commons/thumb/9/99/Meta_Quest_3_front_View.jpg/960px-Meta_Quest_3_front_View.jpg,Roy.wonder.cohen,CC-BY-SA-4.0
2023-car.webp,https://commons.wikimedia.org/wiki/File:Foundation_series_Cybertruck_at_dusk_in_San_Jose_dllu.jpg,https://upload.wikimedia.org/wikipedia/commons/thumb/f/f5/Foundation_series_Cybertruck_at_dusk_in_San_Jose_dllu.jpg/960px-Foundation_series_Cybertruck_at_dusk_in_San_Jose_dllu.jpg,Dllu,CC-BY-SA-4.0
2024-event.webp,https://commons.wikimedia.org/wiki/File:Olympic_rings_on_the_Eiffel_Tower_2024_%285%29.jpg,https://upload.wikimedia.org/wikipedia/commons/thumb/9/9e/Olympic_rings_on_the_Eiffel_Tower_2024_%285%29.jpg/960px-Olympic_rings_on_the_Eiffel_Tower_2024_%285%29.jpg,Ibex73,CC-BY-4.0
2024-gadget.webp,https://commons.wikimedia.org/wiki/File:Apple_Vision_Pro_with_charger_%28cropped%29.jpg,https://upload.wikimedia.org/wikipedia/commons/thumb/8/8b/Apple_Vision_Pro_with_charger_%28cropped%29.jpg/960px-Apple_Vision_Pro_with_charger_%28cropped%29.jpg,Miyako Fujimiya,CC-BY-SA-4.0
2024-car.webp,https://commons.wikimedia.org/wiki/File:Xiaomi_SU7_008.jpg,https://upload.wikimedia.org/wikipedia/commons/thumb/d/d3/Xiaomi_SU7_008.jpg/960px-Xiaomi_SU7_008.jpg,JustAnotherCarDesigner,CC0
2025-event.webp,https://commons.wikimedia.org/wiki/File:Pope_Leo_XIV_on_the_loggia.jpg,https://upload.wikimedia.org/wikipedia/commons/thumb/a/a2/Pope_Leo_XIV_on_the_loggia.jpg/960px-Pope_Leo_XIV_on_the_loggia.jpg,Edgar Beltrán / The Pillar,CC-BY-SA-4.0
2025-gadget.webp,https://commons.wikimedia.org/wiki/File:Nintendo_Switch_2_in_Docking_Console.jpg,https://upload.wikimedia.org/wikipedia/commons/thumb/4/4e/Nintendo_Switch_2_in_Docking_Console.jpg/960px-Nintendo_Switch_2_in_Docking_Console.jpg,Crisco 1492,CC-BY-SA-4.0
2025-car.webp,https://commons.wikimedia.org/wiki/File:Ferrari_F80_1.jpg,https://upload.wikimedia.org/wikipedia/commons/thumb/d/dd/Ferrari_F80_1.jpg/960px-Ferrari_F80_1.jpg,Calreyn88,CC-BY-SA-4.0
pres-clinton.webp,https://commons.wikimedia.org/wiki/File:Bill_Clinton.jpg,https://upload.wikimedia.org/wikipedia/commons/thumb/d/d3/Bill_Clinton.jpg/960px-Bill_Clinton.jpg,"Bob McNeely, The White House[1]",PD
pres-gwbush.webp,https://commons.wikimedia.org/wiki/File:George-W-Bush.jpeg,https://upload.wikimedia.org/wikipedia/commons/thumb/d/d4/George-W-Bush.jpeg/960px-George-W-Bush.jpeg,Eric Draper,PD
pres-obama.webp,https://commons.wikimedia.org/wiki/File:President_Barack_Obama.jpg,https://upload.wikimedia.org/wikipedia/commons/thumb/8/8d/President_Barack_Obama.jpg/960px-President_Barack_Obama.jpg,Official White House Photo by Pete Souza,PD
pres-trump.webp,https://commons.wikimedia.org/wiki/File:Donald_Trump_official_portrait.jpg,https://upload.wikimedia.org/wikipedia/commons/thumb/5/56/Donald_Trump_official_portrait.jpg/960px-Donald_Trump_official_portrait.jpg,Shealeah Craighead,PD
pres-biden.webp,https://commons.wikimedia.org/wiki/File:Joe_Biden_presidential_portrait.jpg,https://upload.wikimedia.org/wikipedia/commons/thumb/6/68/Joe_Biden_presidential_portrait.jpg/960px-Joe_Biden_presidential_portrait.jpg,Adam Schultz,PD
